pubDate,ISO_A2,Threat-Level
2025-03-25,AD,Level 1: Exercise Normal Precautions
2025-08-08,AE,Level 2: Exercise Increased Caution
2025-01-13,AF,Level 4: Do Not Travel
2024-08-22,AG,Level 1: Exercise Normal Precautions
2024-08-22,AI,Level 1: Exercise Normal Precautions
2024-12-31,AL,Level 2: Exercise Increased Caution
2025-09-05,AM,Level 2: Exercise Increased Caution
2024-09-23,AO,Level 2: Exercise Increased Caution
2025-09-23,AQ,Level 2: Exercise Increased Caution
2024-09-20,AR,Level 1: Exercise Normal Precautions
2024-08-23,AT,Level 1: Exercise Normal Precautions
2025-05-30,AU,Level 1: Exercise Normal Precautions
2024-08-19,AW,Level 1: Exercise Normal Precautions
2025-05-21,AZ,Level 2: Exercise Increased Caution
2024-12-12,BA,Level 2: Exercise Increased Caution
2024-08-22,BB,Level 1: Exercise Normal Precautions
2025-04-18,BD,Level 3: Reconsider Travel
2025-05-22,BE,Level 2: Exercise Increased Caution
2025-04-16,BF,Level 4: Do Not Travel
2025-10-09,BG,Level 1: Exercise Normal Precautions
2024-09-09,BH,Level 2: Exercise Increased Caution
2025-04-29,BI,Level 3: Reconsider Travel
2024-05-24,BJ,Level 2: Exercise Increased Caution
2024-08-22,BL,Level 1: Exercise Normal Precautions
2024-11-12,BM,Level 1: Exercise Normal Precautions
2025-03-19,BN,Level 1: Exercise Normal Precautions
2024-06-06,BO,Level 2: Exercise Increased Caution
2024-08-19,BQ,Level 1: Exercise Normal Precautions
2024-08-19,BQ,Level 1: Exercise Normal Precautions
2024-08-19,BQ,Level 1: Exercise Normal Precautions
2025-05-29,BR,Level 2: Exercise Increased Caution
2025-03-31,BS,Level 2: Exercise Increased Caution
2025-10-20,BT,Level 1: Exercise Normal Precautions
2024-02-26,BW,Level 2: Exercise Increased Caution
2025-08-28,BY,Level 4: Do Not Travel
2024-12-30,BZ,Level 2: Exercise Increased Caution
2025-06-11,CA,Level 1: Exercise Normal Precautions
2025-08-12,CD,Level 3: Reconsider Travel
2025-11-10,CF,Level 4: Do Not Travel
2024-10-02,CG,Level 2: Exercise Increased Caution
2025-05-20,CH,Level 1: Exercise Normal Precautions
2024-04-08,CI,Level 2: Exercise Increased Caution
2025-01-16,CL,Level 2: Exercise Increased Caution
2024-12-18,CM,Level 2: Exercise Increased Caution
2024-11-27,CN,Level 2: Exercise Increased Caution
2025-04-17,CO,Level 3: Reconsider Travel
2024-12-10,CR,Level 2: Exercise Increased Caution
2025-05-07,CU,Level 2: Exercise Increased Caution
2024-09-23,CV,Level 1: Exercise Normal Precautions
2024-08-19,CW,Level 1: Exercise Normal Precautions
2025-01-13,CY,Level 1: Exercise Normal Precautions
2024-11-12,CZ,Level 1: Exercise Normal Precautions
2025-05-13,DE,Level 2: Exercise Increased Caution
2025-03-06,DJ,Level 2: Exercise Increased Caution
2024-09-17,DK,Level 2: Exercise Increased Caution
2024-08-22,DM,Level 1: Exercise Normal Precautions
2025-06-12,DO,Level 2: Exercise Increased Caution
2024-09-26,DZ,Level 2: Exercise Increased Caution
2025-10-14,EC,Level 2: Exercise Increased Caution
2024-07-23,EE,Level 1: Exercise Normal Precautions
2025-07-15,EG,Level 2: Exercise Increased Caution
2023-07-31,ER,Level 2: Exercise Increased Caution
2025-05-12,ES,Level 2: Exercise Increased Caution
2023-07-31,ET,Level 3: Reconsider Travel
2024-08-09,FI,Level 1: Exercise Normal Precautions
2024-12-02,FJ,Level 1: Exercise Normal Precautions
2025-01-22,FM,Level 1: Exercise Normal Precautions
2025-05-28,FR,Level 2: Exercise Increased Caution
2024-12-18,GA,Level 2: Exercise Increased Caution
2025-05-08,GB,Level 2: Exercise Increased Caution
2024-11-12,GD,Level 1: Exercise Normal Precautions
2025-03-13,GE,Level 1: Exercise Normal Precautions
2025-01-16,GF,Level 1: Exercise Normal Precautions
2025-04-08,GH,Level 2: Exercise Increased Caution
2024-10-29,GL,Level 2: Exercise Increased Caution
2024-10-16,GM,Level 2: Exercise Increased Caution
2024-12-12,GN,Level 2: Exercise Increased Caution
2024-08-22,GP,Level 1: Exercise Normal Precautions
2025-10-07,GQ,Level 2: Exercise Increased Caution
2025-10-23,GR,Level 1: Exercise Normal Precautions
2024-12-30,GT,Level 3: Reconsider Travel
2025-03-24,GW,Level 3: Reconsider Travel
2025-05-12,GY,Level 3: Reconsider Travel
2024-11-27,HK,Level 2: Exercise Increased Caution
2024-12-10,HN,Level 3: Reconsider Travel
2025-10-09,HR,Level 1: Exercise Normal Precautions
2025-07-15,HT,Level 4: Do Not Travel
2024-08-21,HU,Level 1: Exercise Normal Precautions
2025-04-30,ID,Level 2: Exercise Increased Caution
2024-08-28,IE,Level 1: Exercise Normal Precautions
2025-06-16,IN,Level 2: Exercise Increased Caution
2025-07-17,IQ,Level 4: Do Not Travel
2025-03-31,IR,Level 4: Do Not Travel
2024-08-22,IS,Level 1: Exercise Normal Precautions
2025-05-23,IT,Level 2: Exercise Increased Caution
2025-11-03,JM,Level 3: Reconsider Travel
2024-09-12,JO,Level 2: Exercise Increased Caution
2025-05-15,JP,Level 1: Exercise Normal Precautions
2025-03-17,KE,Level 2: Exercise Increased Caution
2025-04-21,KG,Level 1: Exercise Normal Precautions
2025-07-25,KH,Level 2: Exercise Increased Caution
2024-12-02,KI,Level 1: Exercise Normal Precautions
2024-05-28,KM,Level 2: Exercise Increased Caution
2024-08-22,KN,Level 1: Exercise Normal Precautions
2025-04-29,KP,Level 4: Do Not Travel
2025-05-28,KR,Level 1: Exercise Normal Precautions
2025-04-08,KW,Level 1: Exercise Normal Precautions
2024-09-04,KY,Level 1: Exercise Normal Precautions
2024-08-05,KZ,Level 1: Exercise Normal Precautions
2024-11-21,LA,Level 2: Exercise Increased Caution
2025-07-03,LB,Level 4: Do Not Travel
2024-08-22,LC,Level 1: Exercise Normal Precautions
2025-05-22,LI,Level 1: Exercise Normal Precautions
2025-10-09,LK,Level 2: Exercise Increased Caution
2023-07-31,LR,Level 2: Exercise Increased Caution
2024-09-17,LS,Level 2: Exercise Increased Caution
2024-08-09,LT,Level 1: Exercise Normal Precautions
2024-07-19,LU,Level 1: Exercise Normal Precautions
2024-08-26,LV,Level 1: Exercise Normal Precautions
2025-07-16,LY,Level 4: Do Not Travel
2025-04-21,MA,Level 2: Exercise Increased Caution
2024-11-29,MD,Level 2: Exercise Increased Caution
2024-11-26,ME,Level 1: Exercise Normal Precautions
2024-08-22,MF,Level 1: Exercise Normal Precautions
2025-09-27,MG,Level 3: Reconsider Travel
2025-06-16,MH,Level 1: Exercise Normal Precautions
2025-01-14,MK,Level 1: Exercise Normal Precautions
2025-10-30,ML,Level 4: Do Not Travel
2025-05-12,MM,Level 4: Do Not Travel
2025-01-22,MN,Level 1: Exercise Normal Precautions
2024-11-27,MO,Level 3: Reconsider Travel
2024-08-22,MQ,Level 1: Exercise Normal Precautions
2025-07-15,MR,Level 3: Reconsider Travel
2024-08-22,MS,Level 1: Exercise Normal Precautions
2025-05-28,MT,Level 1: Exercise Normal Precautions
2024-08-30,MU,Level 1: Exercise Normal Precautions
2025-10-07,MV,Level 2: Exercise Increased Caution
2024-12-06,MW,Level 2: Exercise Increased Caution
2025-08-12,MX,Level 2: Exercise Increased Caution
2024-07-24,MY,Level 1: Exercise Normal Precautions
2025-06-16,MZ,Level 2: Exercise Increased Caution
2024-12-23,NA,Level 2: Exercise Increased Caution
2024-06-04,NC,Level 3: Reconsider Travel
2025-10-31,NE,Level 4: Do Not Travel
2025-07-15,NG,Level 3: Reconsider Travel
2024-12-13,NI,Level 3: Reconsider Travel
2024-08-09,NL,Level 2: Exercise Increased Caution
2025-02-03,NO,Level 1: Exercise Normal Precautions
2025-09-11,NP,Level 3: Reconsider Travel
2024-12-02,NR,Level 1: Exercise Normal Precautions
2025-01-03,NZ,Level 1: Exercise Normal Precautions
2024-11-04,OM,Level 2: Exercise Increased Caution
2024-09-23,PA,Level 2: Exercise Increased Caution
2025-05-16,PE,Level 2: Exercise Increased Caution
2024-12-02,PF,Level 1: Exercise Normal Precautions
2025-04-29,PG,Level 3: Reconsider Travel
2025-05-08,PH,Level 2: Exercise Increased Caution
2025-03-07,PK,Level 3: Reconsider Travel
2025-06-05,PL,Level 1: Exercise Normal Precautions
2025-03-03,PT,Level 1: Exercise Normal Precautions
2024-08-06,PW,Level 1: Exercise Normal Precautions
2025-04-30,PY,Level 1: Exercise Normal Precautions
2025-06-03,QA,Level 1: Exercise Normal Precautions
2025-10-14,RO,Level 1: Exercise Normal Precautions
2025-04-11,RS,Level 2: Exercise Increased Caution
2025-05-08,RU,Level 4: Do Not Travel
2025-07-16,RW,Level 2: Exercise Increased Caution
2024-09-09,SA,Level 2: Exercise Increased Caution
2025-04-29,SB,Level 2: Exercise Increased Caution
2024-08-30,SC,Level 1: Exercise Normal Precautions
2025-10-15,SD,Level 4: Do Not Travel
2024-07-24,SE,Level 2: Exercise Increased Caution
2025-03-05,SG,Level 1: Exercise Normal Precautions
2024-07-26,SI,Level 1: Exercise Normal Precautions
2024-11-14,SK,Level 1: Exercise Normal Precautions
2025-09-15,SL,Level 2: Exercise Increased Caution
2024-10-21,SN,Level 1: Exercise Normal Precautions
2025-05-14,SO,Level 4: Do Not Travel
2024-12-13,SR,Level 1: Exercise Normal Precautions
2025-11-13,SS,Level 4: Do Not Travel
2025-10-08,ST,Level 2: Exercise Increased Caution
2025-04-08,SV,Level 1: Exercise Normal Precautions
2024-08-19,SX,Level 1: Exercise Normal Precautions
2025-07-23,SY,Level 4: Do Not Travel
2024-07-01,SZ,Level 2: Exercise Increased Caution
2025-03-04,TC,Level 2: Exercise Increased Caution
2025-03-18,TD,Level 3: Reconsider Travel
2024-11-07,TG,Level 2: Exercise Increased Caution
2025-07-25,TH,Level 2: Exercise Increased Caution
2025-05-16,TJ,Level 2: Exercise Increased Caution
2025-03-21,TL,Level 2: Exercise Increased Caution
2025-02-28,TM,Level 1: Exercise Normal Precautions
2024-10-23,TN,Level 2: Exercise Increased Caution
2024-12-02,TO,Level 1: Exercise Normal Precautions
2024-10-16,TR,Level 2: Exercise Increased Caution
2025-05-07,TT,Level 3: Reconsider Travel
2024-12-02,TV,Level 1: Exercise Normal Precautions
2025-11-25,TW,Level 1: Exercise Normal Precautions
2025-10-31,TZ,Level 3: Reconsider Travel
2024-11-14,UA,Level 4: Do Not Travel
2025-04-23,UG,Level 3: Reconsider Travel
2025-05-07,UY,Level 2: Exercise Increased Caution
2024-09-27,UZ,Level 1: Exercise Normal Precautions
2024-12-06,VC,Level 1: Exercise Normal Precautions
2025-05-12,VE,Level 4: Do Not Travel
2024-08-22,VG,Level 1: Exercise Normal Precautions
2024-12-16,VN,Level 1: Exercise Normal Precautions
2025-05-22,VU,Level 1: Exercise Normal Precautions
2025-03-10,WS,Level 1: Exercise Normal Precautions
2024-12-02,XK,Level 2: Exercise Increased Caution
2025-03-31,YE,Level 4: Do Not Travel
2025-05-27,ZA,Level 2: Exercise Increased Caution
2023-07-31,ZM,Level 1: Exercise Normal Precautions
2023-06-27,ZW,Level 2: Exercise Increased Caution
2025-11-13,SS,Level 4: Do Not Travel
2025-11-10,CF,Level 4: Do Not Travel
2025-11-05,AG,Level 1: Exercise Normal Precautions
2025-11-03,JM,Level 3: Reconsider Travel
2025-08-28,BY,Level 4: Do Not Travel
2025-10-30,ML,Level 4: Do Not Travel
2025-10-28,JM,Level 3: Reconsider Travel
2025-10-23,GR,Level 1: Exercise Normal Precautions
2025-10-22,HN,Level 3: Reconsider Travel
2025-10-20,BT,Level 1: Exercise Normal Precautions
2025-10-18,ES,Level 1: Exercise Normal Precautions
2025-10-14,EC,Level 2: Exercise Increased Caution
2025-10-14,RO,Level 1: Exercise Normal Precautions
2025-10-11,BI,Level 3: Reconsider Travel
2025-10-09,HR,Level 1: Exercise Normal Precautions
2025-10-09,LK,Level 2: Exercise Increased Caution
2025-10-09,BG,Level 1: Exercise Normal Precautions
2025-10-07,MV,Level 2: Exercise Increased Caution
2025-10-07,GQ,Level 2: Exercise Increased Caution
2025-09-27,MG,Level 3: Reconsider Travel
2025-09-23,AQ,Level 2: Exercise Increased Caution
2220-05-07,UY,Level 2: Exercise Increased Caution
2025-09-15,SL,Level 2: Exercise Increased Caution
2025-09-14,GD,Level 1: Exercise Normal Precautions
2025-09-14,GB,Level 1: Exercise Normal Precautions
2025-09-11,NP,Level 3: Reconsider Travel
2025-09-10,AR,Level 1: Exercise Normal Precautions
2025-09-08,MX,Level 1: Exercise Normal Precautions
2025-09-05,AM,Level 2: Exercise Increased Caution
2025-08-30,GB,Level 1: Exercise Normal Precautions
2025-08-28,BY,Level 4: Do Not Travel
2025-08-21,KR,Level 1: Exercise Normal Precautions
2025-08-15,ES,Level 1: Exercise Normal Precautions
2025-08-14,JM,Level 2: Exercise Increased Caution
2025-08-12,MX,Level 2: Exercise Increased Caution
2025-08-12,CD,Level 3: Reconsider Travel
2025-08-08,BR,Level 2: Exercise Increased Caution
2025-08-08,AE,Level 2: Exercise Increased Caution
2025-07-28,AQ,Level 2: Exercise Increased Caution
2025-07-25,KH,Level 2: Exercise Increased Caution
2025-07-25,TH,Level 2: Exercise Increased Caution
2025-07-23,SY,Level 4: Do Not Travel
2025-07-17,IQ,Level 4: Do Not Travel
2025-07-15,NG,Level 3: Reconsider Travel
2025-07-15,EG,Level 2: Exercise Increased Caution
2025-07-15,HT,Level 4: Do Not Travel
2025-07-15,MR,Level 3: Reconsider Travel
2025-07-13,IL,Level 3: Reconsider Travel
2025-07-13,PS,Level 4: Do Not Travel
2025-07-03,LB,Level 4: Do Not Travel
2025-06-24,LB,Level 4: Do Not Travel
2025-06-16,MH,Level 1: Exercise Normal Precautions
2025-06-16,MZ,Level 2: Exercise Increased Caution
2025-06-16,IN,Level 2: Exercise Increased Caution
2025-06-11,CA,Level 1: Exercise Normal Precautions
2025-06-11,IQ,Level 4: Do Not Travel
2025-06-09,TH,Level 1: Exercise Normal Precautions
2025-06-05,PL,Level 1: Exercise Normal Precautions
2025-06-03,QA,Level 1: Exercise Normal Precautions
2025-05-29,JM,Level 2: Exercise Increased Caution
2025-05-29,BR,Level 2: Exercise Increased Caution
2025-05-27,ZA,Level 2: Exercise Increased Caution
2025-05-22,BE,Level 2: Exercise Increased Caution
2025-05-22,LI,Level 1: Exercise Normal Precautions
2025-05-22,VU,Level 1: Exercise Normal Precautions
2025-05-20,CH,Level 1: Exercise Normal Precautions
2025-05-16,TJ,Level 2: Exercise Increased Caution
2025-05-16,PE,Level 2: Exercise Increased Caution
2025-05-14,SO,Level 4: Do Not Travel
2025-05-12,MM,Level 4: Do Not Travel
2025-05-12,ES,Level 2: Exercise Increased Caution
2025-05-12,VE,Level 4: Do Not Travel
2025-05-12,GY,Level 3: Reconsider Travel
2025-05-07,UY,Level 2: Exercise Increased Caution
2025-05-07,CU,Level 2: Exercise Increased Caution
2025-05-07,TT,Level 3: Reconsider Travel
2025-04-30,PY,Level 1: Exercise Normal Precautions
2025-04-30,ID,Level 2: Exercise Increased Caution
2025-04-28,CZ,Level 1: Exercise Normal Precautions
2025-04-23,UG,Level 3: Reconsider Travel
2025-04-21,MA,Level 2: Exercise Increased Caution
2025-04-21,KG,Level 1: Exercise Normal Precautions
2025-04-18,BD,Level 3: Reconsider Travel
2025-04-16,BF,Level 4: Do Not Travel
2025-04-11,RS,Level 2: Exercise Increased Caution
2025-04-08,GH,Level 2: Exercise Increased Caution
2025-04-08,SV,Level 1: Exercise Normal Precautions
2025-04-08,KW,Level 1: Exercise Normal Precautions
2025-03-31,BS,Level 2: Exercise Increased Caution
2025-03-31,IR,Level 4: Do Not Travel
2025-03-24,GW,Level 3: Reconsider Travel
2025-03-21,TT,Level 3: Reconsider Travel
2025-03-21,TL,Level 2: Exercise Increased Caution
2025-03-21,NE,Level 3: Reconsider Travel
2025-03-19,BN,Level 1: Exercise Normal Precautions
2025-03-17,KE,Level 2: Exercise Increased Caution
2025-03-13,GE,Level 1: Exercise Normal Precautions
2025-03-10,WS,Level 1: Exercise Normal Precautions
2025-03-07,GQ,Level 2: Exercise Increased Caution
2025-03-07,PK,Level 3: Reconsider Travel
2025-03-05,SG,Level 1: Exercise Normal Precautions
2025-03-03,SY,Level 4: Do Not Travel
2025-03-03,PT,Level 1: Exercise Normal Precautions
2025-02-28,TM,Level 1: Exercise Normal Precautions
2025-02-26,RW,Level 2: Exercise Increased Caution
2025-02-26,YE,Level 4: Do Not Travel
2025-02-21,BI,Level 3: Reconsider Travel
2025-02-07,SV,Level 2: Exercise Increased Caution
2025-02-03,NO,Level 1: Exercise Normal Precautions
2025-01-29,CD,Level 4: Do Not Travel
2025-01-22,MN,Level 1: Exercise Normal Precautions
2025-01-22,FM,Level 1: Exercise Normal Precautions
2025-01-16,CL,Level 2: Exercise Increased Caution
2025-01-16,GF,Level 1: Exercise Normal Precautions
2025-01-13,CY,Level 1: Exercise Normal Precautions
2025-01-13,AF,Level 4: Do Not Travel
2025-01-06,AE,Level 2: Exercise Increased Caution
2025-01-03,NZ,Level 1: Exercise Normal Precautions
2024-12-30,GT,Level 3: Reconsider Travel
2024-12-30,BZ,Level 2: Exercise Increased Caution
2024-12-26,CF,Level 4: Do Not Travel
2024-12-26,BI,Level 3: Reconsider Travel
2024-12-23,NA,Level 2: Exercise Increased Caution
2024-12-23,ES,Level 2: Exercise Increased Caution
2024-12-20,VU,Level 3: Reconsider Travel
2024-12-18,CM,Level 2: Exercise Increased Caution
2024-12-18,BY,Level 4: Do Not Travel
2024-12-18,GA,Level 2: Exercise Increased Caution
2024-12-18,NP,Level 2: Exercise Increased Caution
2024-12-16,VN,Level 1: Exercise Normal Precautions
2024-12-12,BA,Level 2: Exercise Increased Caution
2024-12-12,GN,Level 2: Exercise Increased Caution
2024-12-10,HN,Level 3: Reconsider Travel
2024-12-10,CR,Level 2: Exercise Increased Caution
2024-12-06,VC,Level 1: Exercise Normal Precautions
2024-12-06,MW,Level 2: Exercise Increased Caution
2024-12-04,IL,Level 3: Reconsider Travel
2024-12-04,PS,Level 4: Do Not Travel
2024-12-02,TV,Level 1: Exercise Normal Precautions
2024-12-02,KI,Level 1: Exercise Normal Precautions
2024-12-02,TO,Level 1: Exercise Normal Precautions
2024-12-02,PF,Level 1: Exercise Normal Precautions
2024-12-02,NR,Level 1: Exercise Normal Precautions
2024-12-02,FJ,Level 1: Exercise Normal Precautions
2024-12-02,XK,Level 2: Exercise Increased Caution
2024-11-29,MD,Level 2: Exercise Increased Caution
2024-11-26,ME,Level 1: Exercise Normal Precautions
2024-11-21,LA,Level 2: Exercise Increased Caution
2024-11-14,SK,Level 1: Exercise Normal Precautions
2024-11-14,UA,Level 4: Do Not Travel
2024-11-12,VC,Level 1: Exercise Normal Precautions
2024-11-12,GD,Level 1: Exercise Normal Precautions
2024-11-12,BM,Level 1: Exercise Normal Precautions
2024-11-07,TG,Level 2: Exercise Increased Caution
2024-11-07,ZA,Level 2: Exercise Increased Caution
2024-11-04,OM,Level 2: Exercise Increased Caution
2024-10-29,,Level 2: Exercise Increased Caution
2024-10-23,TN,Level 2: Exercise Increased Caution
2024-10-21,SN,Level 1: Exercise Normal Precautions
2024-10-21,UG,Level 3: Reconsider Travel
2024-10-15,EG,Level 3: Reconsider Travel
2024-10-07,RW,Level 3: Reconsider Travel
2024-10-04,CA,Level 1: Exercise Normal Precautions
2024-10-02,RW,Level 2: Exercise Increased Caution
2024-10-02,LK,Level 2: Exercise Increased Caution
2024-10-02,CG,Level 2: Exercise Increased Caution
2024-09-27,UZ,Level 1: Exercise Normal Precautions
2024-09-25,ST,Level 1: Exercise Normal Precautions
2024-09-23,AO,Level 2: Exercise Increased Caution
2024-09-23,SL,Level 2: Exercise Increased Caution
2024-09-23,CV,Level 1: Exercise Normal Precautions
2024-09-23,PA,Level 2: Exercise Increased Caution
2024-09-21,LB,Level 4: Do Not Travel
2024-09-19,MD,Level 2: Exercise Increased Caution
2024-09-17,LS,Level 2: Exercise Increased Caution
2024-09-17,DK,Level 2: Exercise Increased Caution
2024-09-11,JO,Level 2: Exercise Increased Caution
2024-09-11,BD,Level 3: Reconsider Travel
2024-09-11,GY,Level 3: Reconsider Travel
2024-09-09,SA,Level 2: Exercise Increased Caution
2024-09-09,BH,Level 2: Exercise Increased Caution
2024-09-05,TZ,Level 2: Exercise Increased Caution
2024-09-03,GB,Level 2: Exercise Increased Caution
2024-08-30,MU,Level 1: Exercise Normal Precautions
2024-08-30,SC,Level 1: Exercise Normal Precautions
2024-08-28,IE,Level 1: Exercise Normal Precautions
2024-08-26,LV,Level 1: Exercise Normal Precautions
2024-08-23,AT,Level 1: Exercise Normal Precautions
2024-08-21,HU,Level 1: Exercise Normal Precautions
2024-08-19,CW,Level 1: Exercise Normal Precautions
2024-08-19,AW,Level 1: Exercise Normal Precautions
2024-08-19,SX,Level 1: Exercise Normal Precautions
2024-08-14,IR,Level 4: Do Not Travel
2024-08-09,FI,Level 1: Exercise Normal Precautions
2024-08-09,NL,Level 2: Exercise Increased Caution
2024-08-09,LT,Level 1: Exercise Normal Precautions
2024-08-05,BD,Level 4: Do Not Travel
2024-08-06,PW,Level 1: Exercise Normal Precautions
2024-08-05,KZ,Level 1: Exercise Normal Precautions
2024-07-31,IL,Level 4: Do Not Travel
2024-07-31,PS,Level 4: Do Not Travel
2024-07-31,TW,Level 1: Exercise Normal Precautions
2024-07-31,GW,Level 3: Reconsider Travel
2024-07-31,LB,Level 4: Do Not Travel
2024-07-29,AF,Level 4: Do Not Travel
2024-07-25,JM,Level 3: Reconsider Travel
2024-07-23,EE,Level 1: Exercise Normal Precautions
2024-07-23,SO,Level 4: Do Not Travel
2024-07-23,IN,Level 2: Exercise Increased Caution
2024-07-19,LU,Level 1: Exercise Normal Precautions
2024-07-19,BD,Level 3: Reconsider Travel
2024-07-15,IR,Level 4: Do Not Travel
2024-07-11,MV,Level 2: Exercise Increased Caution
2024-07-09,CD,Level 3: Reconsider Travel
2024-07-01,SZ,Level 2: Exercise Increased Caution
2024-06-26,BT,Level 1: Exercise Normal Precautions
2024-06-18,DO,Level 2: Exercise Increased Caution
2024-06-06,BO,Level 2: Exercise Increased Caution
2024-06-06,MM,Level 4: Do Not Travel
2024-06-04,NC,Level 3: Reconsider Travel
2024-05-28,MH,Level 1: Exercise Normal Precautions
2024-05-28,KM,Level 2: Exercise Increased Caution
2024-05-24,BJ,Level 2: Exercise Increased Caution
2024-05-16,PH,Level 2: Exercise Increased Caution
2024-05-13,VE,Level 4: Do Not Travel
2024-05-01,DE,Level 2: Exercise Increased Caution
2024-05-01,PL,Level 1: Exercise Normal Precautions
2024-04-24,IQ,Level 4: Do Not Travel
2024-04-11,IL,Level 3: Reconsider Travel
2024-04-11,PS,Level 4: Do Not Travel
2024-04-12,HK,Level 2: Exercise Increased Caution
2024-04-12,MO,Level 3: Reconsider Travel
2024-04-12,CN,Level 3: Reconsider Travel
2024-04-09,AM,Level 2: Exercise Increased Caution
2024-03-29,RW,Level 1: Exercise Normal Precautions
2024-03-14,MD,Level 2: Exercise Increased Caution
2024-04-15,EC,Level 2: Exercise Increased Caution
2024-04-04,GQ,Level 2: Exercise Increased Caution
2024-04-08,CI,Level 2: Exercise Increased Caution
2023-07-24,KR,Level 1: Exercise Normal Precautions
2023-07-17,GP,Level 1: Exercise Normal Precautions
2021-10-25,GP,Level 3: Reconsider Travel
2022-01-18,GP,Level 3: Reconsider Travel
2022-01-24,GP,Level 4: Do Not Travel
2022-04-18,GP,Level 1: Exercise Normal Precautions
2022-10-04,GP,Level 1: Exercise Normal Precautions
2023-07-17,MQ,Level 1: Exercise Normal Precautions
2021-10-25,MQ,Level 3: Reconsider Travel
2022-01-18,MQ,Level 3: Reconsider Travel
2022-01-24,MQ,Level 4: Do Not Travel
2022-04-18,MQ,Level 1: Exercise Normal Precautions
2022-10-04,MQ,Level 1: Exercise Normal Precautions
2023-07-17,MF,Level 1: Exercise Normal Precautions
2021-10-25,MF,Level 3: Reconsider Travel
2022-01-18,MF,Level 3: Reconsider Travel
2022-01-24,MF,Level 4: Do Not Travel
2022-04-18,MF,Level 1: Exercise Normal Precautions
2022-10-04,MF,Level 1: Exercise Normal Precautions
2023-07-17,BL,Level 1: Exercise Normal Precautions
2021-10-25,BL,Level 3: Reconsider Travel
2022-01-18,BL,Level 3: Reconsider Travel
2022-01-24,BL,Level 4: Do Not Travel
2022-04-18,BL,Level 1: Exercise Normal Precautions
2022-10-04,BL,Level 1: Exercise Normal Precautions
2023-06-23,BT,Level 1: Exercise Normal Precautions
2021-10-18,BT,Level 1: Exercise Normal Precautions
2022-02-22,BT,Level 4: Do Not Travel
2022-06-21,BT,Level 1: Exercise Normal Precautions
2022-10-05,BT,Level 1: Exercise Normal Precautions
2023-07-31,SN,Level 1: Exercise Normal Precautions
2021-10-18,SN,Level 1: Exercise Normal Precautions
2021-12-01,SN,Level 1: Exercise Normal Precautions
2022-01-24,SN,Level 3: Reconsider Travel
2022-04-19,SN,Level 1: Exercise Normal Precautions
2022-10-05,SN,Level 1: Exercise Normal Precautions
2023-11-27,TJ,Level 2: Exercise Increased Caution
2021-06-17,TJ,Level 4: Do Not Travel
2022-02-17,TJ,Level 4: Do Not Travel
2022-04-18,TJ,Level 2: Exercise Increased Caution
2022-10-05,TJ,Level 2: Exercise Increased Caution
2023-06-23,TJ,Level 2: Exercise Increased Caution
2023-07-26,IS,Level 1: Exercise Normal Precautions
2021-10-04,IS,Level 3: Reconsider Travel
2021-11-15,IS,Level 4: Do Not Travel
2022-04-19,IS,Level 1: Exercise Normal Precautions
2022-10-04,IS,Level 1: Exercise Normal Precautions
2023-06-30,CN,Level 3: Reconsider Travel
2021-06-16,CN,Level 3: Reconsider Travel
2022-01-19,CN,Level 3: Reconsider Travel
2022-03-01,CN,Level 3: Reconsider Travel
2022-06-22,CN,Level 3: Reconsider Travel
2022-10-26,CN,Level 3: Reconsider Travel
2023-03-10,CN,Level 3: Reconsider Travel
2023-07-31,ZM,Level 1: Exercise Normal Precautions
2021-10-18,ZM,Level 1: Exercise Normal Precautions
2022-01-10,ZM,Level 3: Reconsider Travel
2022-04-19,ZM,Level 1: Exercise Normal Precautions
2022-10-05,ZM,Level 1: Exercise Normal Precautions
2023-03-28,ZM,Level 1: Exercise Normal Precautions
2023-07-17,AM,Level 2: Exercise Increased Caution
2021-10-04,AM,Level 4: Do Not Travel
2022-01-10,AM,Level 3: Reconsider Travel
2022-02-07,AM,Level 4: Do Not Travel
2022-04-25,AM,Level 1: Exercise Normal Precautions
2022-11-15,AM,Level 2: Exercise Increased Caution
2023-07-13,SY,Level 4: Do Not Travel
2021-08-02,SY,Level 4: Do Not Travel
2022-04-20,SY,Level 4: Do Not Travel
2022-10-05,SY,Level 4: Do Not Travel
2023-06-06,BO,Level 2: Exercise Increased Caution
2021-10-18,BO,Level 2: Exercise Increased Caution
2022-01-18,BO,Level 4: Do Not Travel
2022-06-21,BO,Level 2: Exercise Increased Caution
2022-10-04,BO,Level 2: Exercise Increased Caution
2023-01-26,BO,Level 2: Exercise Increased Caution
2023-07-11,TW,Level 1: Exercise Normal Precautions
2021-06-16,TW,Level 3: Reconsider Travel
2022-05-16,TW,Level 3: Reconsider Travel
2022-10-24,TW,Level 1: Exercise Normal Precautions
2023-07-31,RW,Level 1: Exercise Normal Precautions
2021-10-12,RW,Level 2: Exercise Increased Caution
2022-01-10,RW,Level 3: Reconsider Travel
2022-02-28,RW,Level 2: Exercise Increased Caution
2022-04-20,RW,Level 1: Exercise Normal Precautions
2022-10-05,RW,Level 1: Exercise Normal Precautions
2023-07-17,UY,Level 2: Exercise Increased Caution
2021-08-16,UY,Level 3: Reconsider Travel
2022-01-18,UY,Level 4: Do Not Travel
2022-04-18,UY,Level 2: Exercise Increased Caution
2022-10-05,UY,Level 2: Exercise Increased Caution
2023-07-17,BB,Level 1: Exercise Normal Precautions
2021-10-04,BB,Level 4: Do Not Travel
2022-04-18,BB,Level 1: Exercise Normal Precautions
2022-10-04,BB,Level 1: Exercise Normal Precautions
2023-07-24,KP,Level 4: Do Not Travel
2021-06-28,KP,Level 4: Do Not Travel
2022-04-18,KP,Level 4: Do Not Travel
2022-10-05,KP,Level 4: Do Not Travel
2023-07-31,TD,Level 3: Reconsider Travel
2021-06-16,TD,Level 3: Reconsider Travel
2021-12-20,TD,Level 4: Do Not Travel
2022-05-26,TD,Level 3: Reconsider Travel
2022-10-04,TD,Level 3: Reconsider Travel
2023-07-26,HU,Level 1: Exercise Normal Precautions
2021-10-18,HU,Level 3: Reconsider Travel
2021-11-15,HU,Level 4: Do Not Travel
2022-04-19,HU,Level 1: Exercise Normal Precautions
2022-10-04,HU,Level 1: Exercise Normal Precautions
2023-07-26,MT,Level 1: Exercise Normal Precautions
2021-09-07,MT,Level 3: Reconsider Travel
2021-12-28,MT,Level 4: Do Not Travel
2022-04-19,MT,Level 1: Exercise Normal Precautions
2022-10-04,MT,Level 1: Exercise Normal Precautions
2024-01-22,MM,Level 4: Do Not Travel
2021-06-16,MM,Level 4: Do Not Travel
2022-05-31,MM,Level 4: Do Not Travel
2022-10-05,MM,Level 4: Do Not Travel
2023-02-27,MM,Level 4: Do Not Travel
2023-07-24,MM,Level 4: Do Not Travel
2023-07-13,QA,Level 1: Exercise Normal Precautions
2021-06-16,QA,Level 3: Reconsider Travel
2022-01-18,QA,Level 4: Do Not Travel
2022-04-18,QA,Level 1: Exercise Normal Precautions
2022-10-05,QA,Level 1: Exercise Normal Precautions
2024-01-24,SA,Level 3: Reconsider Travel
2021-06-16,SA,Level 4: Do Not Travel
2022-06-27,SA,Level 3: Reconsider Travel
2022-10-05,SA,Level 3: Reconsider Travel
2023-07-13,SA,Level 3: Reconsider Travel
2023-07-26,EE,Level 1: Exercise Normal Precautions
2021-08-30,EE,Level 4: Do Not Travel
2022-04-19,EE,Level 1: Exercise Normal Precautions
2022-10-04,EE,Level 1: Exercise Normal Precautions
2023-07-17,VG,Level 1: Exercise Normal Precautions
2021-07-19,VG,Level 4: Do Not Travel
2022-01-18,VG,Level 4: Do Not Travel
2022-02-28,VG,Level 4: Do Not Travel
2022-05-09,VG,Level 1: Exercise Normal Precautions
2022-10-04,VG,Level 1: Exercise Normal Precautions
2024-01-26,BS,Level 2: Exercise Increased Caution
2021-08-23,BS,Level 4: Do Not Travel
2022-01-18,BS,Level 4: Do Not Travel
2022-06-08,BS,Level 2: Exercise Increased Caution
2022-10-05,BS,Level 2: Exercise Increased Caution
2023-07-17,BS,Level 2: Exercise Increased Caution
2023-07-26,ME,Level 1: Exercise Normal Precautions
2021-08-16,ME,Level 4: Do Not Travel
2022-04-19,ME,Level 1: Exercise Normal Precautions
2022-10-04,ME,Level 1: Exercise Normal Precautions
2023-08-18,AR,Level 1: Exercise Normal Precautions
2021-10-04,AR,Level 3: Reconsider Travel
2022-01-18,AR,Level 4: Do Not Travel
2022-04-18,AR,Level 1: Exercise Normal Precautions
2022-10-05,AR,Level 1: Exercise Normal Precautions
2023-06-12,AR,Level 1: Exercise Normal Precautions
2023-07-26,BE,Level 2: Exercise Increased Caution
2021-07-06,BE,Level 3: Reconsider Travel
2021-11-02,BE,Level 4: Do Not Travel
2022-04-19,BE,Level 2: Exercise Increased Caution
2022-10-04,BE,Level 2: Exercise Increased Caution
2023-07-13,JO,Level 2: Exercise Increased Caution
2021-06-16,JO,Level 3: Reconsider Travel
2021-12-06,JO,Level 4: Do Not Travel
2022-05-16,JO,Level 2: Exercise Increased Caution
2022-10-05,JO,Level 2: Exercise Increased Caution
2023-04-22,SD,Level 4: Do Not Travel
2021-10-27,SD,Level 4: Do Not Travel
2021-12-20,SD,Level 4: Do Not Travel
2022-04-19,SD,Level 4: Do Not Travel
2022-10-05,SD,Level 4: Do Not Travel
2024-01-05,CU,Level 2: Exercise Increased Caution
2021-07-26,CU,Level 4: Do Not Travel
2022-01-18,CU,Level 3: Reconsider Travel
2022-02-07,CU,Level 4: Do Not Travel
2022-06-13,CU,Level 2: Exercise Increased Caution
2022-11-15,CU,Level 2: Exercise Increased Caution
2023-07-26,SK,Level 1: Exercise Normal Precautions
2021-09-27,SK,Level 3: Reconsider Travel
2021-11-02,SK,Level 4: Do Not Travel
2022-04-19,SK,Level 1: Exercise Normal Precautions
2022-10-04,SK,Level 1: Exercise Normal Precautions
2023-07-31,GW,Level 3: Reconsider Travel
2021-10-12,GW,Level 3: Reconsider Travel
2021-11-30,GW,Level 3: Reconsider Travel
2022-01-31,GW,Level 3: Reconsider Travel
2022-04-18,GW,Level 3: Reconsider Travel
2022-10-05,GW,Level 3: Reconsider Travel
2023-07-26,CY,Level 1: Exercise Normal Precautions
2021-10-18,CY,Level 3: Reconsider Travel
2021-12-06,CY,Level 4: Do Not Travel
2022-04-19,CY,Level 1: Exercise Normal Precautions
2022-10-04,CY,Level 1: Exercise Normal Precautions
2023-07-31,ER,Level 2: Exercise Increased Caution
2021-06-29,ER,Level 4: Do Not Travel
2022-04-18,ER,Level 2: Exercise Increased Caution
2022-11-23,ER,Level 2: Exercise Increased Caution
2023-07-13,MA,Level 2: Exercise Increased Caution
2021-10-04,MA,Level 3: Reconsider Travel
2021-12-01,MA,Level 4: Do Not Travel
2022-03-01,MA,Level 3: Reconsider Travel
2022-06-21,MA,Level 2: Exercise Increased Caution
2022-10-05,MA,Level 2: Exercise Increased Caution
2023-07-26,DE,Level 2: Exercise Increased Caution
2021-08-30,DE,Level 3: Reconsider Travel
2021-11-22,DE,Level 4: Do Not Travel
2022-04-19,DE,Level 2: Exercise Increased Caution
2022-10-04,DE,Level 2: Exercise Increased Caution
2024-01-23,JM,Level 3: Reconsider Travel
2021-09-07,JM,Level 4: Do Not Travel
2022-01-18,JM,Level 4: Do Not Travel
2022-02-28,JM,Level 4: Do Not Travel
2022-05-31,JM,Level 3: Reconsider Travel
2022-10-05,JM,Level 3: Reconsider Travel
2023-05-10,JM,Level 3: Reconsider Travel
2023-07-13,DZ,Level 2: Exercise Increased Caution
2021-06-16,DZ,Level 4: Do Not Travel
2022-04-18,DZ,Level 2: Exercise Increased Caution
2022-10-05,DZ,Level 2: Exercise Increased Caution
2023-07-17,PY,Level 1: Exercise Normal Precautions
2021-10-18,PY,Level 1: Exercise Normal Precautions
2022-01-18,PY,Level 3: Reconsider Travel
2022-01-31,PY,Level 4: Do Not Travel
2022-05-09,PY,Level 1: Exercise Normal Precautions
2022-10-05,PY,Level 1: Exercise Normal Precautions
2023-07-26,AD,Level 1: Exercise Normal Precautions
2021-09-21,AD,Level 3: Reconsider Travel
2021-12-06,AD,Level 4: Do Not Travel
2022-04-19,AD,Level 1: Exercise Normal Precautions
2022-10-04,AD,Level 1: Exercise Normal Precautions
2023-07-31,LS,Level 1: Exercise Normal Precautions
2021-10-04,LS,Level 3: Reconsider Travel
2022-01-10,LS,Level 3: Reconsider Travel
2022-02-28,LS,Level 2: Exercise Increased Caution
2022-05-16,LS,Level 1: Exercise Normal Precautions
2022-10-04,LS,Level 1: Exercise Normal Precautions
2023-07-17,DM,Level 1: Exercise Normal Precautions
2021-08-16,DM,Level 4: Do Not Travel
2022-04-19,DM,Level 1: Exercise Normal Precautions
2022-10-04,DM,Level 1: Exercise Normal Precautions
2023-07-26,TR,Level 2: Exercise Increased Caution
2021-08-16,TR,Level 4: Do Not Travel
2022-04-19,TR,Level 2: Exercise Increased Caution
2022-10-04,TR,Level 2: Exercise Increased Caution
2023-07-26,CZ,Level 1: Exercise Normal Precautions
2021-10-12,CZ,Level 3: Reconsider Travel
2021-11-15,CZ,Level 4: Do Not Travel
2022-04-19,CZ,Level 1: Exercise Normal Precautions
2022-10-04,CZ,Level 1: Exercise Normal Precautions
2023-07-26,PT,Level 1: Exercise Normal Precautions
2021-10-04,PT,Level 3: Reconsider Travel
2021-12-06,PT,Level 4: Do Not Travel
2022-04-19,PT,Level 1: Exercise Normal Precautions
2022-10-04,PT,Level 1: Exercise Normal Precautions
2023-12-18,AF,Level 4: Do Not Travel
2021-08-31,AF,Level 4: Do Not Travel
2022-01-18,AF,Level 4: Do Not Travel
2022-04-18,AF,Level 4: Do Not Travel
2022-10-20,AF,Level 4: Do Not Travel
2023-06-23,AF,Level 4: Do Not Travel
2023-07-17,SR,Level 1: Exercise Normal Precautions
2021-06-17,SR,Level 4: Do Not Travel
2022-01-18,SR,Level 4: Do Not Travel
2022-06-08,SR,Level 1: Exercise Normal Precautions
2022-10-05,SR,Level 1: Exercise Normal Precautions
2023-07-17,GT,Level 3: Reconsider Travel
2021-10-25,GT,Level 3: Reconsider Travel
2021-12-28,GT,Level 3: Reconsider Travel
2022-01-24,GT,Level 3: Reconsider Travel
2022-06-06,GT,Level 3: Reconsider Travel
2022-10-04,GT,Level 3: Reconsider Travel
2023-03-01,GT,Level 3: Reconsider Travel
2023-07-17,CW,Level 1: Exercise Normal Precautions
2021-08-02,CW,Level 4: Do Not Travel
2022-01-10,CW,Level 4: Do Not Travel
2022-04-19,CW,Level 1: Exercise Normal Precautions
2022-10-04,CW,Level 1: Exercise Normal Precautions
2023-07-13,OM,Level 2: Exercise Increased Caution
2021-10-25,OM,Level 2: Exercise Increased Caution
2022-02-07,OM,Level 4: Do Not Travel
2022-04-25,OM,Level 2: Exercise Increased Caution
2022-10-05,OM,Level 2: Exercise Increased Caution
2023-10-19,BR,Level 2: Exercise Increased Caution
2021-09-13,BR,Level 3: Reconsider Travel
2022-01-31,BR,Level 4: Do Not Travel
2022-04-18,BR,Level 2: Exercise Increased Caution
2022-10-04,BR,Level 2: Exercise Increased Caution
2023-07-17,BR,Level 2: Exercise Increased Caution
2023-07-26,AT,Level 1: Exercise Normal Precautions
2021-10-04,AT,Level 4: Do Not Travel
2022-04-19,AT,Level 1: Exercise Normal Precautions
2022-10-04,AT,Level 1: Exercise Normal Precautions
2023-11-02,AZ,Level 2: Exercise Increased Caution
2021-08-30,AZ,Level 4: Do Not Travel
2022-01-04,AZ,Level 3: Reconsider Travel
2022-02-14,AZ,Level 4: Do Not Travel
2022-04-25,AZ,Level 3: Reconsider Travel
2022-11-15,AZ,Level 2: Exercise Increased Caution
2023-07-31,CM,Level 2: Exercise Increased Caution
2021-10-18,CM,Level 2: Exercise Increased Caution
2022-05-23,CM,Level 2: Exercise Increased Caution
2022-10-12,CM,Level 2: Exercise Increased Caution
2024-01-02,CO,Level 3: Reconsider Travel
2021-10-26,CO,Level 3: Reconsider Travel
2021-12-08,CO,Level 3: Reconsider Travel
2022-01-24,CO,Level 4: Do Not Travel
2022-06-27,CO,Level 3: Reconsider Travel
2022-10-04,CO,Level 3: Reconsider Travel
2023-01-04,CO,Level 3: Reconsider Travel
2023-05-11,CO,Level 3: Reconsider Travel
2023-07-26,GE,Level 1: Exercise Normal Precautions
2021-06-16,GE,Level 4: Do Not Travel
2022-04-19,GE,Level 1: Exercise Normal Precautions
2022-10-04,GE,Level 1: Exercise Normal Precautions
2023-07-17,VC,Level 1: Exercise Normal Precautions
2021-10-12,VC,Level 4: Do Not Travel
2021-12-20,VC,Level 3: Reconsider Travel
2022-01-31,VC,Level 4: Do Not Travel
2022-05-23,VC,Level 1: Exercise Normal Precautions
2022-10-05,VC,Level 1: Exercise Normal Precautions
2023-07-17,CL,Level 2: Exercise Increased Caution
2021-08-16,CL,Level 3: Reconsider Travel
2022-01-31,CL,Level 4: Do Not Travel
2022-04-19,CL,Level 2: Exercise Increased Caution
2022-10-04,CL,Level 2: Exercise Increased Caution
2023-05-08,CL,Level 2: Exercise Increased Caution
2023-07-17,CA,Level 1: Exercise Normal Precautions
2021-08-30,CA,Level 3: Reconsider Travel
2022-01-10,CA,Level 4: Do Not Travel
2022-05-24,CA,Level 1: Exercise Normal Precautions
2022-10-04,CA,Level 1: Exercise Normal Precautions
2023-07-26,BY,Level 4: Do Not Travel
2021-10-12,BY,Level 4: Do Not Travel
2022-01-10,BY,Level 4: Do Not Travel
2022-02-28,BY,Level 4: Do Not Travel
2022-06-13,BY,Level 4: Do Not Travel
2022-10-04,BY,Level 4: Do Not Travel
2023-04-12,BY,Level 4: Do Not Travel
2023-07-24,AO,Level 2: Exercise Increased Caution
2021-10-18,AO,Level 3: Reconsider Travel
2022-05-09,AO,Level 1: Exercise Normal Precautions
2022-10-04,AO,Level 1: Exercise Normal Precautions
2023-07-26,LU,Level 1: Exercise Normal Precautions
2021-06-17,LU,Level 3: Reconsider Travel
2021-11-08,LU,Level 4: Do Not Travel
2022-04-25,LU,Level 1: Exercise Normal Precautions
2022-10-04,LU,Level 1: Exercise Normal Precautions
2023-08-09,TV,Level 1: Exercise Normal Precautions
2021-06-16,TV,Level 4: Do Not Travel
2022-04-18,TV,Level 3: Reconsider Travel
2022-10-05,TV,Level 3: Reconsider Travel
2023-08-09,KI,Level 1: Exercise Normal Precautions
2021-06-16,KI,Level 4: Do Not Travel
2022-04-18,KI,Level 3: Reconsider Travel
2022-10-05,KI,Level 3: Reconsider Travel
2023-06-27,ZW,Level 2: Exercise Increased Caution
2021-09-27,ZW,Level 2: Exercise Increased Caution
2022-01-10,ZW,Level 3: Reconsider Travel
2022-06-06,ZW,Level 2: Exercise Increased Caution
2022-10-07,ZW,Level 2: Exercise Increased Caution
2023-07-17,AI,Level 1: Exercise Normal Precautions
2021-09-07,AI,Level 3: Reconsider Travel
2022-02-28,AI,Level 4: Do Not Travel
2022-05-31,AI,Level 1: Exercise Normal Precautions
2022-10-04,AI,Level 1: Exercise Normal Precautions
2023-07-26,MK,Level 1: Exercise Normal Precautions
2021-08-30,MK,Level 4: Do Not Travel
2022-04-19,MK,Level 1: Exercise Normal Precautions
2022-10-04,MK,Level 1: Exercise Normal Precautions
2024-01-08,JP,Level 1: Exercise Normal Precautions
2021-06-16,JP,Level 3: Reconsider Travel
2021-12-20,JP,Level 3: Reconsider Travel
2022-02-07,JP,Level 4: Do Not Travel
2022-04-18,JP,Level 3: Reconsider Travel
2022-10-11,JP,Level 1: Exercise Normal Precautions
2023-07-24,JP,Level 1: Exercise Normal Precautions
2023-10-12,BD,Level 2: Exercise Increased Caution
2021-10-18,BD,Level 2: Exercise Increased Caution
2021-11-22,BD,Level 2: Exercise Increased Caution
2022-02-07,BD,Level 3: Reconsider Travel
2022-04-18,BD,Level 2: Exercise Increased Caution
2022-10-05,BD,Level 2: Exercise Increased Caution
2023-06-23,BD,Level 2: Exercise Increased Caution
2023-11-20,GH,Level 2: Exercise Increased Caution
2021-10-18,GH,Level 2: Exercise Increased Caution
2022-01-18,GH,Level 3: Reconsider Travel
2022-02-28,GH,Level 2: Exercise Increased Caution
2022-06-21,GH,Level 2: Exercise Increased Caution
2022-10-04,GH,Level 2: Exercise Increased Caution
2023-07-31,GH,Level 2: Exercise Increased Caution
2023-07-17,AW,Level 1: Exercise Normal Precautions
2021-08-09,AW,Level 4: Do Not Travel
2022-01-04,AW,Level 4: Do Not Travel
2022-04-18,AW,Level 1: Exercise Normal Precautions
2022-10-04,AW,Level 1: Exercise Normal Precautions
2023-07-26,SE,Level 2: Exercise Increased Caution
2021-07-12,SE,Level 3: Reconsider Travel
2021-12-28,SE,Level 4: Do Not Travel
2022-06-21,SE,Level 1: Exercise Normal Precautions
2022-10-04,SE,Level 1: Exercise Normal Precautions
2023-02-13,SE,Level 2: Exercise Increased Caution
2023-07-17,GF,Level 1: Exercise Normal Precautions
2021-06-17,GF,Level 4: Do Not Travel
2021-12-20,GF,Level 4: Do Not Travel
2022-06-08,GF,Level 1: Exercise Normal Precautions
2022-10-04,GF,Level 1: Exercise Normal Precautions
2023-07-17,KN,Level 1: Exercise Normal Precautions
2021-09-13,KN,Level 4: Do Not Travel
2022-01-18,KN,Level 4: Do Not Travel
2022-06-06,KN,Level 1: Exercise Normal Precautions
2022-10-05,KN,Level 1: Exercise Normal Precautions
2023-09-28,GA,Level 2: Exercise Increased Caution
2021-10-12,GA,Level 3: Reconsider Travel
2022-01-18,GA,Level 3: Reconsider Travel
2022-04-18,GA,Level 1: Exercise Normal Precautions
2022-10-04,GA,Level 1: Exercise Normal Precautions
2023-07-31,GA,Level 1: Exercise Normal Precautions
2023-07-24,MN,Level 1: Exercise Normal Precautions
2021-07-06,MN,Level 4: Do Not Travel
2022-06-06,MN,Level 1: Exercise Normal Precautions
2022-10-05,MN,Level 1: Exercise Normal Precautions
2023-07-17,SV,Level 3: Reconsider Travel
2021-08-09,SV,Level 3: Reconsider Travel
2022-01-10,SV,Level 3: Reconsider Travel
2022-02-14,SV,Level 3: Reconsider Travel
2022-06-21,SV,Level 3: Reconsider Travel
2022-10-04,SV,Level 3: Reconsider Travel
2023-03-06,SV,Level 3: Reconsider Travel
2023-07-31,MG,Level 2: Exercise Increased Caution
2021-09-07,MG,Level 3: Reconsider Travel
2022-01-18,MG,Level 3: Reconsider Travel
2022-04-18,MG,Level 2: Exercise Increased Caution
2022-10-04,MG,Level 2: Exercise Increased Caution
2022-12-06,MG,Level 2: Exercise Increased Caution
2023-07-26,PL,Level 1: Exercise Normal Precautions
2021-10-18,PL,Level 3: Reconsider Travel
2021-11-30,PL,Level 4: Do Not Travel
2022-06-06,PL,Level 1: Exercise Normal Precautions
2022-10-04,PL,Level 1: Exercise Normal Precautions
2023-07-31,MU,Level 1: Exercise Normal Precautions
2021-10-25,MU,Level 3: Reconsider Travel
2021-12-13,MU,Level 4: Do Not Travel
2022-02-14,MU,Level 3: Reconsider Travel
2022-04-18,MU,Level 1: Exercise Normal Precautions
2022-10-05,MU,Level 1: Exercise Normal Precautions
2024-03-14,MD,Level 2: Exercise Increased Caution
2021-10-12,MD,Level 4: Do Not Travel
2022-01-04,MD,Level 3: Reconsider Travel
2022-02-27,MD,Level 4: Do Not Travel
2022-06-21,MD,Level 3: Reconsider Travel
2022-10-28,MD,Level 2: Exercise Increased Caution
2023-07-26,MD,Level 2: Exercise Increased Caution
2023-11-27,NA,Level 2: Exercise Increased Caution
2021-10-25,NA,Level 2: Exercise Increased Caution
2021-11-27,NA,Level 4: Do Not Travel
2022-02-22,NA,Level 3: Reconsider Travel
2022-06-06,NA,Level 1: Exercise Normal Precautions
2022-10-05,NA,Level 1: Exercise Normal Precautions
2023-04-06,NA,Level 1: Exercise Normal Precautions
2023-07-31,NA,Level 1: Exercise Normal Precautions
2023-09-20,NG,Level 3: Reconsider Travel
2021-08-23,NG,Level 3: Reconsider Travel
2022-01-18,NG,Level 3: Reconsider Travel
2022-02-28,NG,Level 3: Reconsider Travel
2022-04-20,NG,Level 3: Reconsider Travel
2022-10-27,NG,Level 3: Reconsider Travel
2023-01-20,NG,Level 3: Reconsider Travel
2023-07-13,TN,Level 2: Exercise Increased Caution
2021-10-18,TN,Level 3: Reconsider Travel
2022-01-24,TN,Level 4: Do Not Travel
2022-05-31,TN,Level 2: Exercise Increased Caution
2022-10-05,TN,Level 2: Exercise Increased Caution
2023-06-23,MV,Level 2: Exercise Increased Caution
2021-06-16,MV,Level 4: Do Not Travel
2022-06-13,MV,Level 2: Exercise Increased Caution
2022-10-05,MV,Level 2: Exercise Increased Caution
2023-07-26,GR,Level 1: Exercise Normal Precautions
2021-08-02,GR,Level 4: Do Not Travel
2022-04-19,GR,Level 1: Exercise Normal Precautions
2022-10-04,GR,Level 1: Exercise Normal Precautions
2023-07-31,CF,Level 4: Do Not Travel
2021-07-27,CF,Level 4: Do Not Travel
2022-04-18,CF,Level 4: Do Not Travel
2022-10-04,CF,Level 4: Do Not Travel
2023-07-31,SO,Level 4: Do Not Travel
2021-06-17,SO,Level 4: Do Not Travel
2022-04-19,SO,Level 4: Do Not Travel
2022-12-01,SO,Level 4: Do Not Travel
2023-07-17,GD,Level 1: Exercise Normal Precautions
2021-09-13,GD,Level 4: Do Not Travel
2022-01-18,GD,Level 4: Do Not Travel
2022-04-19,GD,Level 1: Exercise Normal Precautions
2022-10-04,GD,Level 1: Exercise Normal Precautions
2023-07-26,NO,Level 1: Exercise Normal Precautions
2021-09-27,NO,Level 4: Do Not Travel
2022-04-19,NO,Level 1: Exercise Normal Precautions
2022-10-04,NO,Level 1: Exercise Normal Precautions
2023-07-31,TZ,Level 2: Exercise Increased Caution
2021-06-16,TZ,Level 4: Do Not Travel
2021-12-13,TZ,Level 4: Do Not Travel
2022-06-21,TZ,Level 2: Exercise Increased Caution
2022-10-05,TZ,Level 2: Exercise Increased Caution
2023-07-24,TO,Level 1: Exercise Normal Precautions
2021-06-16,TO,Level 4: Do Not Travel
2022-02-02,TO,Level 4: Do Not Travel
2022-04-18,TO,Level 4: Do Not Travel
2022-11-08,TO,Level 1: Exercise Normal Precautions
2023-07-31,SS,Level 4: Do Not Travel
2021-06-17,SS,Level 4: Do Not Travel
2022-04-19,SS,Level 4: Do Not Travel
2022-10-05,SS,Level 4: Do Not Travel
2023-05-22,UA,Level 4: Do Not Travel
2021-10-25,UA,Level 4: Do Not Travel
2021-12-20,UA,Level 4: Do Not Travel
2022-02-28,UA,Level 4: Do Not Travel
2022-04-19,UA,Level 4: Do Not Travel
2022-10-20,UA,Level 4: Do Not Travel
2023-07-26,IE,Level 1: Exercise Normal Precautions
2021-08-02,IE,Level 4: Do Not Travel
2022-04-19,IE,Level 1: Exercise Normal Precautions
2022-10-04,IE,Level 1: Exercise Normal Precautions
2023-07-24,PW,Level 1: Exercise Normal Precautions
2021-06-16,PW,Level 2: Exercise Increased Caution
2022-04-18,PW,Level 1: Exercise Normal Precautions
2022-10-05,PW,Level 1: Exercise Normal Precautions
2023-01-19,PW,Level 1: Exercise Normal Precautions
2023-09-05,RU,Level 4: Do Not Travel
2021-08-05,RU,Level 4: Do Not Travel
2021-11-02,RU,Level 4: Do Not Travel
2022-03-05,RU,Level 4: Do Not Travel
2022-07-01,RU,Level 4: Do Not Travel
2022-10-04,RU,Level 4: Do Not Travel
2023-02-13,RU,Level 4: Do Not Travel
2023-07-31,ST,Level 1: Exercise Normal Precautions
2021-09-21,ST,Level 3: Reconsider Travel
2022-01-18,ST,Level 4: Do Not Travel
2022-02-28,ST,Level 3: Reconsider Travel
2022-04-19,ST,Level 1: Exercise Normal Precautions
2022-10-05,ST,Level 1: Exercise Normal Precautions
2023-03-14,ST,Level 1: Exercise Normal Precautions
2023-01-19,AQ,Level 2: Exercise Increased Caution
2021-06-16,AQ,Level 4: Do Not Travel
2022-04-18,AQ,Level 2: Exercise Increased Caution
2022-10-04,AQ,Level 2: Exercise Increased Caution
2023-07-31,CD,Level 3: Reconsider Travel
2021-08-02,CD,Level 4: Do Not Travel
2022-01-10,CD,Level 3: Reconsider Travel
2022-02-07,CD,Level 4: Do Not Travel
2022-06-22,CD,Level 3: Reconsider Travel
2022-10-04,CD,Level 3: Reconsider Travel
2024-03-08,EC,Level 2: Exercise Increased Caution
2021-06-16,EC,Level 3: Reconsider Travel
2022-02-24,EC,Level 4: Do Not Travel
2022-06-22,EC,Level 3: Reconsider Travel
2022-11-04,EC,Level 2: Exercise Increased Caution
2023-06-22,EC,Level 2: Exercise Increased Caution
2023-07-24,ID,Level 2: Exercise Increased Caution
2021-10-25,ID,Level 3: Reconsider Travel
2022-01-10,ID,Level 4: Do Not Travel
2022-02-14,ID,Level 4: Do Not Travel
2022-05-02,ID,Level 2: Exercise Increased Caution
2022-10-05,ID,Level 2: Exercise Increased Caution
2023-05-02,ID,Level 2: Exercise Increased Caution
2023-07-26,LV,Level 1: Exercise Normal Precautions
2021-10-04,LV,Level 4: Do Not Travel
2022-04-19,LV,Level 1: Exercise Normal Precautions
2022-10-04,LV,Level 1: Exercise Normal Precautions
2023-07-24,PH,Level 2: Exercise Increased Caution
2021-06-16,PH,Level 3: Reconsider Travel
2022-01-18,PH,Level 3: Reconsider Travel
2022-01-31,PH,Level 4: Do Not Travel
2022-04-18,PH,Level 2: Exercise Increased Caution
2022-10-05,PH,Level 2: Exercise Increased Caution
2023-05-23,MH,Level 1: Exercise Normal Precautions
2021-08-02,MH,Level 4: Do Not Travel
2021-11-02,MH,Level 3: Reconsider Travel
2022-04-18,MH,Level 3: Reconsider Travel
2022-10-05,MH,Level 3: Reconsider Travel
2023-07-31,TG,Level 1: Exercise Normal Precautions
2021-08-09,TG,Level 2: Exercise Increased Caution
2022-01-18,TG,Level 3: Reconsider Travel
2022-02-28,TG,Level 2: Exercise Increased Caution
2022-04-19,TG,Level 1: Exercise Normal Precautions
2022-10-05,TG,Level 1: Exercise Normal Precautions
2023-02-21,TG,Level 1: Exercise Normal Precautions
2023-12-28,UG,Level 3: Reconsider Travel
2021-10-12,UG,Level 3: Reconsider Travel
2022-01-18,UG,Level 3: Reconsider Travel
2022-02-28,UG,Level 3: Reconsider Travel
2022-04-19,UG,Level 3: Reconsider Travel
2022-10-06,UG,Level 3: Reconsider Travel
2023-01-18,UG,Level 3: Reconsider Travel
2023-06-12,UG,Level 3: Reconsider Travel
2023-07-26,FI,Level 1: Exercise Normal Precautions
2021-08-02,FI,Level 3: Reconsider Travel
2021-12-20,FI,Level 4: Do Not Travel
2022-04-19,FI,Level 1: Exercise Normal Precautions
2022-10-04,FI,Level 1: Exercise Normal Precautions
2023-07-26,HR,Level 1: Exercise Normal Precautions
2021-10-04,HR,Level 4: Do Not Travel
2022-04-19,HR,Level 1: Exercise Normal Precautions
2022-10-04,HR,Level 1: Exercise Normal Precautions
2023-07-26,GB,Level 2: Exercise Increased Caution
2021-07-19,GB,Level 4: Do Not Travel
2022-04-19,GB,Level 2: Exercise Increased Caution
2022-10-04,GB,Level 2: Exercise Increased Caution
2023-07-17,TC,Level 2: Exercise Increased Caution
2021-09-07,TC,Level 3: Reconsider Travel
2022-01-18,TC,Level 4: Do Not Travel
2022-05-31,TC,Level 2: Exercise Increased Caution
2022-10-05,TC,Level 2: Exercise Increased Caution
2024-01-11,NI,Level 3: Reconsider Travel
2021-09-07,NI,Level 4: Do Not Travel
2022-04-19,NI,Level 3: Reconsider Travel
2022-10-05,NI,Level 3: Reconsider Travel
2022-12-05,NI,Level 3: Reconsider Travel
2023-07-17,NI,Level 3: Reconsider Travel
2023-07-24,KH,Level 1: Exercise Normal Precautions
2021-10-12,KH,Level 4: Do Not Travel
2022-04-18,KH,Level 1: Exercise Normal Precautions
2022-10-05,KH,Level 1: Exercise Normal Precautions
2023-07-26,BA,Level 2: Exercise Increased Caution
2021-10-12,BA,Level 4: Do Not Travel
2022-05-31,BA,Level 2: Exercise Increased Caution
2022-10-04,BA,Level 2: Exercise Increased Caution
2023-06-06,DO,Level 2: Exercise Increased Caution
2021-10-25,DO,Level 3: Reconsider Travel
2022-01-24,DO,Level 4: Do Not Travel
2022-06-27,DO,Level 2: Exercise Increased Caution
2022-10-04,DO,Level 2: Exercise Increased Caution
2023-07-26,ES,Level 2: Exercise Increased Caution
2021-10-12,ES,Level 3: Reconsider Travel
2021-12-20,ES,Level 4: Do Not Travel
2022-04-19,ES,Level 2: Exercise Increased Caution
2022-10-04,ES,Level 2: Exercise Increased Caution
2023-07-26,LI,Level 1: Exercise Normal Precautions
2021-08-23,LI,Level 3: Reconsider Travel
2021-12-06,LI,Level 4: Do Not Travel
2022-04-19,LI,Level 1: Exercise Normal Precautions
2022-10-04,LI,Level 1: Exercise Normal Precautions
2023-12-19,BN,Level 1: Exercise Normal Precautions
2021-09-07,BN,Level 4: Do Not Travel
2022-01-18,BN,Level 4: Do Not Travel
2022-02-22,BN,Level 3: Reconsider Travel
2022-05-09,BN,Level 1: Exercise Normal Precautions
2022-10-05,BN,Level 1: Exercise Normal Precautions
2022-12-15,BN,Level 1: Exercise Normal Precautions
2023-07-24,BN,Level 1: Exercise Normal Precautions
2023-06-23,UZ,Level 1: Exercise Normal Precautions
2021-06-21,UZ,Level 4: Do Not Travel
2022-04-18,UZ,Level 1: Exercise Normal Precautions
2022-10-05,UZ,Level 1: Exercise Normal Precautions
2023-07-31,KE,Level 2: Exercise Increased Caution
2021-10-18,KE,Level 2: Exercise Increased Caution
2022-01-04,KE,Level 3: Reconsider Travel
2022-02-22,KE,Level 2: Exercise Increased Caution
2022-06-21,KE,Level 2: Exercise Increased Caution
2022-10-04,KE,Level 2: Exercise Increased Caution
2022-12-09,KE,Level 2: Exercise Increased Caution
2023-07-17,LC,Level 1: Exercise Normal Precautions
2021-08-30,LC,Level 4: Do Not Travel
2022-01-18,LC,Level 4: Do Not Travel
2022-04-19,LC,Level 1: Exercise Normal Precautions
2022-10-05,LC,Level 1: Exercise Normal Precautions
2023-07-31,BJ,Level 2: Exercise Increased Caution
2021-09-07,BJ,Level 3: Reconsider Travel
2021-11-30,BJ,Level 2: Exercise Increased Caution
2022-04-18,BJ,Level 2: Exercise Increased Caution
2022-11-29,BJ,Level 2: Exercise Increased Caution
2024-01-17,PG,Level 3: Reconsider Travel
2021-07-06,PG,Level 4: Do Not Travel
2021-11-30,PG,Level 4: Do Not Travel
2022-04-18,PG,Level 4: Do Not Travel
2022-10-05,PG,Level 3: Reconsider Travel
2023-04-11,PG,Level 3: Reconsider Travel
2023-07-24,PG,Level 3: Reconsider Travel
2023-07-26,SI,Level 1: Exercise Normal Precautions
2021-09-13,SI,Level 4: Do Not Travel
2022-05-16,SI,Level 1: Exercise Normal Precautions
2022-10-04,SI,Level 1: Exercise Normal Precautions
2023-09-05,LK,Level 2: Exercise Increased Caution
2021-10-25,LK,Level 3: Reconsider Travel
2022-05-16,LK,Level 3: Reconsider Travel
2022-10-05,LK,Level 2: Exercise Increased Caution
2023-06-23,LK,Level 2: Exercise Increased Caution
2023-07-24,PF,Level 1: Exercise Normal Precautions
2021-08-09,PF,Level 4: Do Not Travel
2021-12-28,PF,Level 4: Do Not Travel
2022-02-14,PF,Level 4: Do Not Travel
2022-05-16,PF,Level 1: Exercise Normal Precautions
2022-10-05,PF,Level 1: Exercise Normal Precautions
2023-07-24,VN,Level 1: Exercise Normal Precautions
2021-08-09,VN,Level 3: Reconsider Travel
2022-02-28,VN,Level 4: Do Not Travel
2022-04-18,VN,Level 1: Exercise Normal Precautions
2022-10-05,VN,Level 1: Exercise Normal Precautions
2023-07-17,AG,Level 1: Exercise Normal Precautions
2021-09-21,AG,Level 4: Do Not Travel
2022-05-16,AG,Level 1: Exercise Normal Precautions
2022-10-04,AG,Level 1: Exercise Normal Precautions
2023-07-31,BF,Level 4: Do Not Travel
2021-06-16,BF,Level 4: Do Not Travel
2021-11-02,BF,Level 4: Do Not Travel
2022-04-18,BF,Level 4: Do Not Travel
2022-10-04,BF,Level 4: Do Not Travel
2023-07-26,CH,Level 1: Exercise Normal Precautions
2021-08-30,CH,Level 4: Do Not Travel
2022-04-19,CH,Level 1: Exercise Normal Precautions
2022-10-04,CH,Level 1: Exercise Normal Precautions
2024-01-03,IL,Level 2: Exercise Increased Caution
2021-09-13,IL,Level 4: Do Not Travel
2022-01-18,IL,Level 4: Do Not Travel
2022-05-02,IL,Level 2: Exercise Increased Caution
2022-10-13,IL,Level 2: Exercise Increased Caution
2023-03-06,IL,Level 2: Exercise Increased Caution
2023-07-13,IL,Level 2: Exercise Increased Caution
2023-11-24,IL,Level 2: Exercise Increased Caution
2023-07-24,SG,Level 1: Exercise Normal Precautions
2021-10-18,SG,Level 4: Do Not Travel
2022-01-10,SG,Level 3: Reconsider Travel
2022-01-31,SG,Level 4: Do Not Travel
2022-04-18,SG,Level 1: Exercise Normal Precautions
2022-10-05,SG,Level 1: Exercise Normal Precautions
2023-10-22,IQ,Level 4: Do Not Travel
2021-06-16,IQ,Level 4: Do Not Travel
2021-11-22,IQ,Level 4: Do Not Travel
2022-06-27,IQ,Level 4: Do Not Travel
2022-10-05,IQ,Level 4: Do Not Travel
2023-01-03,IQ,Level 4: Do Not Travel
2023-07-13,IQ,Level 4: Do Not Travel
2023-07-26,AL,Level 2: Exercise Increased Caution
2021-09-13,AL,Level 4: Do Not Travel
2022-01-18,AL,Level 4: Do Not Travel
2022-04-19,AL,Level 2: Exercise Increased Caution
2022-10-04,AL,Level 2: Exercise Increased Caution
2023-07-31,GM,Level 2: Exercise Increased Caution
2021-08-02,GM,Level 3: Reconsider Travel
2021-11-15,GM,Level 1: Exercise Normal Precautions
2022-01-31,GM,Level 3: Reconsider Travel
2022-04-25,GM,Level 1: Exercise Normal Precautions
2022-10-05,GM,Level 1: Exercise Normal Precautions
2023-03-06,GM,Level 2: Exercise Increased Caution
2023-07-26,NL,Level 2: Exercise Increased Caution
2021-09-07,NL,Level 3: Reconsider Travel
2021-11-08,NL,Level 4: Do Not Travel
2022-04-19,NL,Level 2: Exercise Increased Caution
2022-10-04,NL,Level 2: Exercise Increased Caution
2023-03-09,NL,Level 2: Exercise Increased Caution
2023-07-24,NR,Level 1: Exercise Normal Precautions
2021-06-16,NR,Level 4: Do Not Travel
2022-04-18,NR,Level 1: Exercise Normal Precautions
2022-10-05,NR,Level 1: Exercise Normal Precautions
2023-07-31,SC,Level 1: Exercise Normal Precautions
2021-06-16,SC,Level 4: Do Not Travel
2022-04-19,SC,Level 1: Exercise Normal Precautions
2022-10-05,SC,Level 1: Exercise Normal Precautions
2023-12-19,YE,Level 4: Do Not Travel
2021-06-28,YE,Level 4: Do Not Travel
2022-04-18,YE,Level 4: Do Not Travel
2022-10-05,YE,Level 4: Do Not Travel
2023-07-13,YE,Level 4: Do Not Travel
2023-07-31,KM,Level 1: Exercise Normal Precautions
2021-06-28,KM,Level 1: Exercise Normal Precautions
2021-12-20,KM,Level 2: Exercise Increased Caution
2022-02-28,KM,Level 3: Reconsider Travel
2022-06-21,KM,Level 1: Exercise Normal Precautions
2022-10-04,KM,Level 1: Exercise Normal Precautions
2023-07-17,TT,Level 3: Reconsider Travel
2021-08-09,TT,Level 3: Reconsider Travel
2021-11-30,TT,Level 4: Do Not Travel
2022-04-18,TT,Level 2: Exercise Increased Caution
2022-11-08,TT,Level 3: Reconsider Travel
2023-07-31,MZ,Level 2: Exercise Increased Caution
2021-08-16,MZ,Level 3: Reconsider Travel
2022-01-18,MZ,Level 3: Reconsider Travel
2022-04-20,MZ,Level 2: Exercise Increased Caution
2022-10-05,MZ,Level 2: Exercise Increased Caution
2023-07-24,FM,Level 1: Exercise Normal Precautions
2021-06-16,FM,Level 3: Reconsider Travel
2022-04-18,FM,Level 3: Reconsider Travel
2022-10-05,FM,Level 3: Reconsider Travel
2023-05-08,FM,Level 1: Exercise Normal Precautions
2023-06-07,DK,Level 2: Exercise Increased Caution
2021-06-16,DK,Level 3: Reconsider Travel
2021-11-22,DK,Level 4: Do Not Travel
2022-06-07,DK,Level 2: Exercise Increased Caution
2022-10-04,DK,Level 2: Exercise Increased Caution
2023-12-18,NP,Level 2: Exercise Increased Caution
2021-10-04,NP,Level 3: Reconsider Travel
2021-11-08,NP,Level 2: Exercise Increased Caution
2022-01-31,NP,Level 3: Reconsider Travel
2022-04-18,NP,Level 2: Exercise Increased Caution
2022-10-05,NP,Level 2: Exercise Increased Caution
2023-06-23,NP,Level 2: Exercise Increased Caution
2023-07-17,HN,Level 3: Reconsider Travel
2021-06-16,HN,Level 3: Reconsider Travel
2021-12-20,HN,Level 3: Reconsider Travel
2022-01-31,HN,Level 3: Reconsider Travel
2022-06-13,HN,Level 3: Reconsider Travel
2022-10-05,HN,Level 3: Reconsider Travel
2023-03-01,HN,Level 3: Reconsider Travel
2023-07-31,ML,Level 4: Do Not Travel
2021-10-25,ML,Level 4: Do Not Travel
2021-12-06,ML,Level 4: Do Not Travel
2022-02-28,ML,Level 4: Do Not Travel
2022-04-18,ML,Level 4: Do Not Travel
2022-10-04,ML,Level 4: Do Not Travel
2023-01-18,ML,Level 4: Do Not Travel
2023-07-31,GQ,Level 2: Exercise Increased Caution
2021-09-27,GQ,Level 3: Reconsider Travel
2022-01-06,GQ,Level 4: Do Not Travel
2022-01-24,GQ,Level 4: Do Not Travel
2022-04-18,GQ,Level 1: Exercise Normal Precautions
2022-10-04,GQ,Level 1: Exercise Normal Precautions
2023-03-31,GQ,Level 2: Exercise Increased Caution
2023-06-30,KZ,Level 1: Exercise Normal Precautions
2021-10-18,KZ,Level 4: Do Not Travel
2022-01-07,KZ,Level 4: Do Not Travel
2022-01-25,KZ,Level 4: Do Not Travel
2022-04-20,KZ,Level 2: Exercise Increased Caution
2022-10-05,KZ,Level 2: Exercise Increased Caution
2023-06-23,KZ,Level 2: Exercise Increased Caution
2023-07-24,LA,Level 2: Exercise Increased Caution
2021-08-30,LA,Level 4: Do Not Travel
2021-11-02,LA,Level 3: Reconsider Travel
2022-04-18,LA,Level 3: Reconsider Travel
2022-10-05,LA,Level 2: Exercise Increased Caution
2023-07-31,DJ,Level 2: Exercise Increased Caution
2021-10-18,DJ,Level 3: Reconsider Travel
2022-01-18,DJ,Level 2: Exercise Increased Caution
2022-01-24,DJ,Level 3: Reconsider Travel
2022-06-27,DJ,Level 2: Exercise Increased Caution
2022-10-04,DJ,Level 2: Exercise Increased Caution
2023-07-31,SL,Level 2: Exercise Increased Caution
2021-08-30,SL,Level 3: Reconsider Travel
2021-12-21,SL,Level 2: Exercise Increased Caution
2022-02-16,SL,Level 3: Reconsider Travel
2022-04-19,SL,Level 2: Exercise Increased Caution
2022-10-05,SL,Level 2: Exercise Increased Caution
2023-11-15,PE,Level 2: Exercise Increased Caution
2021-10-04,PE,Level 2: Exercise Increased Caution
2022-01-11,PE,Level 3: Reconsider Travel
2022-01-31,PE,Level 4: Do Not Travel
2022-06-29,PE,Level 3: Reconsider Travel
2022-10-05,PE,Level 3: Reconsider Travel
2022-12-22,PE,Level 3: Reconsider Travel
2023-06-01,PE,Level 2: Exercise Increased Caution
2023-07-26,LT,Level 1: Exercise Normal Precautions
2021-09-13,LT,Level 4: Do Not Travel
2022-04-18,LT,Level 1: Exercise Normal Precautions
2022-10-04,LT,Level 1: Exercise Normal Precautions
2023-08-09,FJ,Level 1: Exercise Normal Precautions
2021-07-19,FJ,Level 4: Do Not Travel
2022-01-18,FJ,Level 3: Reconsider Travel
2022-01-24,FJ,Level 4: Do Not Travel
2022-06-21,FJ,Level 1: Exercise Normal Precautions
2022-10-05,FJ,Level 1: Exercise Normal Precautions
2023-07-13,EG,Level 3: Reconsider Travel
2021-10-25,EG,Level 3: Reconsider Travel
2022-01-18,EG,Level 4: Do Not Travel
2022-05-23,EG,Level 3: Reconsider Travel
2022-10-05,EG,Level 3: Reconsider Travel
2023-07-26,RS,Level 2: Exercise Increased Caution
2021-09-13,RS,Level 4: Do Not Travel
2022-04-19,RS,Level 2: Exercise Increased Caution
2022-10-04,RS,Level 2: Exercise Increased Caution
2023-07-31,CV,Level 1: Exercise Normal Precautions
2021-07-19,CV,Level 3: Reconsider Travel
2022-01-18,CV,Level 4: Do Not Travel
2022-06-23,CV,Level 1: Exercise Normal Precautions
2022-10-04,CV,Level 1: Exercise Normal Precautions
2022-12-20,CV,Level 1: Exercise Normal Precautions
2023-07-27,HT,Level 4: Do Not Travel
2021-08-23,HT,Level 4: Do Not Travel
2022-04-19,HT,Level 4: Do Not Travel
2022-12-01,HT,Level 4: Do Not Travel
2023-05-17,HT,Level 4: Do Not Travel
2023-07-24,TH,Level 1: Exercise Normal Precautions
2021-08-09,TH,Level 4: Do Not Travel
2021-11-08,TH,Level 3: Reconsider Travel
2022-04-18,TH,Level 1: Exercise Normal Precautions
2022-11-23,TH,Level 1: Exercise Normal Precautions
2023-07-24,NC,Level 1: Exercise Normal Precautions
2021-10-04,NC,Level 4: Do Not Travel
2021-12-28,NC,Level 4: Do Not Travel
2022-06-13,NC,Level 1: Exercise Normal Precautions
2022-10-05,NC,Level 1: Exercise Normal Precautions
2023-07-31,BI,Level 3: Reconsider Travel
2021-07-12,BI,Level 4: Do Not Travel
2021-11-22,BI,Level 4: Do Not Travel
2022-04-18,BI,Level 3: Reconsider Travel
2022-10-04,BI,Level 3: Reconsider Travel
2023-02-13,BI,Level 3: Reconsider Travel
2023-07-17,CR,Level 2: Exercise Increased Caution
2021-06-16,CR,Level 4: Do Not Travel
2022-01-18,CR,Level 3: Reconsider Travel
2022-01-24,CR,Level 4: Do Not Travel
2022-04-19,CR,Level 2: Exercise Increased Caution
2022-10-04,CR,Level 2: Exercise Increased Caution
2021-10-12,KR,Level 3: Reconsider Travel
2022-02-14,KR,Level 4: Do Not Travel
2022-04-18,KR,Level 1: Exercise Normal Precautions
2022-10-05,KR,Level 1: Exercise Normal Precautions
2023-06-23,PK,Level 3: Reconsider Travel
2021-07-19,PK,Level 3: Reconsider Travel
2021-11-15,PK,Level 3: Reconsider Travel
2022-02-07,PK,Level 3: Reconsider Travel
2022-04-18,PK,Level 3: Reconsider Travel
2022-10-05,PK,Level 3: Reconsider Travel
2023-02-08,PK,Level 3: Reconsider Travel
2023-07-17,VE,Level 4: Do Not Travel
2021-06-28,VE,Level 4: Do Not Travel
2022-05-19,VE,Level 4: Do Not Travel
2022-10-05,VE,Level 4: Do Not Travel
2023-01-12,VE,Level 4: Do Not Travel
2023-07-24,SB,Level 2: Exercise Increased Caution
2021-06-17,SB,Level 4: Do Not Travel
2022-04-18,SB,Level 3: Reconsider Travel
2022-10-05,SB,Level 2: Exercise Increased Caution
2023-11-13,BZ,Level 2: Exercise Increased Caution
2021-09-13,BZ,Level 4: Do Not Travel
2022-04-18,BZ,Level 2: Exercise Increased Caution
2022-10-04,BZ,Level 2: Exercise Increased Caution
2023-07-24,MY,Level 1: Exercise Normal Precautions
2021-06-21,MY,Level 4: Do Not Travel
2021-12-13,MY,Level 3: Reconsider Travel
2022-02-22,MY,Level 4: Do Not Travel
2022-04-18,MY,Level 1: Exercise Normal Precautions
2022-10-05,MY,Level 1: Exercise Normal Precautions
2023-07-13,AE,Level 2: Exercise Increased Caution
2021-09-07,AE,Level 3: Reconsider Travel
2022-01-10,AE,Level 3: Reconsider Travel
2022-01-26,AE,Level 4: Do Not Travel
2022-06-14,AE,Level 3: Reconsider Travel
2022-10-05,AE,Level 3: Reconsider Travel
2023-02-23,AE,Level 2: Exercise Increased Caution
2023-07-31,LR,Level 2: Exercise Increased Caution
2021-08-02,LR,Level 3: Reconsider Travel
2022-01-10,LR,Level 2: Exercise Increased Caution
2022-03-04,LR,Level 2: Exercise Increased Caution
2022-04-18,LR,Level 2: Exercise Increased Caution
2022-10-04,LR,Level 2: Exercise Increased Caution
2023-07-24,TL,Level 2: Exercise Increased Caution
2021-06-16,TL,Level 3: Reconsider Travel
2021-12-06,TL,Level 3: Reconsider Travel
2022-02-22,TL,Level 3: Reconsider Travel
2022-04-18,TL,Level 2: Exercise Increased Caution
2022-10-05,TL,Level 2: Exercise Increased Caution
2024-01-11,IR,Level 4: Do Not Travel
2021-08-02,IR,Level 4: Do Not Travel
2021-11-08,IR,Level 4: Do Not Travel
2022-02-22,IR,Level 4: Do Not Travel
2022-06-06,IR,Level 4: Do Not Travel
2022-10-05,IR,Level 4: Do Not Travel
2023-01-26,IR,Level 4: Do Not Travel
2023-07-13,IR,Level 4: Do Not Travel
2023-07-31,MR,Level 3: Reconsider Travel
2021-10-12,MR,Level 2: Exercise Increased Caution
2022-01-18,MR,Level 3: Reconsider Travel
2022-05-31,MR,Level 3: Reconsider Travel
2022-10-05,MR,Level 3: Reconsider Travel
2023-12-26,GN,Level 3: Reconsider Travel
2021-07-12,GN,Level 2: Exercise Increased Caution
2021-11-02,GN,Level 2: Exercise Increased Caution
2022-01-31,GN,Level 3: Reconsider Travel
2022-06-21,GN,Level 2: Exercise Increased Caution
2022-10-04,GN,Level 2: Exercise Increased Caution
2023-07-31,GN,Level 2: Exercise Increased Caution
2023-07-17,GY,Level 3: Reconsider Travel
2021-09-21,GY,Level 4: Do Not Travel
2022-01-18,GY,Level 4: Do Not Travel
2022-06-06,GY,Level 3: Reconsider Travel
2022-10-05,GY,Level 3: Reconsider Travel
2024-01-08,NE,Level 3: Reconsider Travel
2021-06-16,NE,Level 3: Reconsider Travel
2022-01-04,NE,Level 3: Reconsider Travel
2022-01-24,NE,Level 4: Do Not Travel
2022-04-20,NE,Level 3: Reconsider Travel
2022-10-05,NE,Level 3: Reconsider Travel
2023-08-02,NE,Level 4: Do Not Travel
2023-07-31,CG,Level 2: Exercise Increased Caution
2021-10-18,CG,Level 2: Exercise Increased Caution
2021-12-13,CG,Level 2: Exercise Increased Caution
2022-02-28,CG,Level 2: Exercise Increased Caution
2022-06-22,CG,Level 2: Exercise Increased Caution
2022-10-05,CG,Level 2: Exercise Increased Caution
2024-02-26,BW,Level 2: Exercise Increased Caution
2021-07-06,BW,Level 4: Do Not Travel
2021-11-27,BW,Level 4: Do Not Travel
2022-06-21,BW,Level 1: Exercise Normal Precautions
2022-10-04,BW,Level 1: Exercise Normal Precautions
2023-07-31,BW,Level 1: Exercise Normal Precautions
2023-07-24,WS,Level 1: Exercise Normal Precautions
2021-06-16,WS,Level 4: Do Not Travel
2022-04-18,WS,Level 3: Reconsider Travel
2022-10-24,WS,Level 1: Exercise Normal Precautions
2023-07-13,BH,Level 2: Exercise Increased Caution
2021-08-30,BH,Level 3: Reconsider Travel
2022-01-18,BH,Level 4: Do Not Travel
2022-04-20,BH,Level 2: Exercise Increased Caution
2022-10-05,BH,Level 2: Exercise Increased Caution
2023-07-26,XK,Level 2: Exercise Increased Caution
2021-08-23,XK,Level 4: Do Not Travel
2022-01-18,XK,Level 3: Reconsider Travel
2022-01-31,XK,Level 4: Do Not Travel
2022-05-10,XK,Level 2: Exercise Increased Caution
2022-10-04,XK,Level 2: Exercise Increased Caution
2023-07-17,KY,Level 1: Exercise Normal Precautions
2021-10-25,KY,Level 3: Reconsider Travel
2021-11-08,KY,Level 4: Do Not Travel
2022-04-19,KY,Level 3: Reconsider Travel
2022-10-04,KY,Level 3: Reconsider Travel
2023-01-10,KY,Level 1: Exercise Normal Precautions
2023-10-10,MW,Level 2: Exercise Increased Caution
2021-08-09,MW,Level 3: Reconsider Travel
2022-01-18,MW,Level 3: Reconsider Travel
2022-06-10,MW,Level 2: Exercise Increased Caution
2022-10-04,MW,Level 2: Exercise Increased Caution
2023-07-31,MW,Level 2: Exercise Increased Caution
2024-03-08,KG,Level 1: Exercise Normal Precautions
2021-10-25,KG,Level 1: Exercise Normal Precautions
2022-02-01,KG,Level 3: Reconsider Travel
2022-04-20,KG,Level 1: Exercise Normal Precautions
2022-11-14,KG,Level 1: Exercise Normal Precautions
2023-06-23,KG,Level 1: Exercise Normal Precautions
2023-07-26,BG,Level 1: Exercise Normal Precautions
2021-09-27,BG,Level 4: Do Not Travel
2022-04-19,BG,Level 1: Exercise Normal Precautions
2022-10-04,BG,Level 1: Exercise Normal Precautions
2023-05-31,SZ,Level 2: Exercise Increased Caution
2021-10-18,SZ,Level 3: Reconsider Travel
2021-11-27,SZ,Level 4: Do Not Travel
2022-03-03,SZ,Level 3: Reconsider Travel
2022-04-18,SZ,Level 2: Exercise Increased Caution
2022-10-04,SZ,Level 2: Exercise Increased Caution
2024-01-22,TM,Level 1: Exercise Normal Precautions
2021-06-16,TM,Level 4: Do Not Travel
2022-04-20,TM,Level 3: Reconsider Travel
2022-10-05,TM,Level 3: Reconsider Travel
2022-12-29,TM,Level 2: Exercise Increased Caution
2023-06-23,TM,Level 2: Exercise Increased Caution
2023-09-08,AU,Level 1: Exercise Normal Precautions
2021-09-13,AU,Level 3: Reconsider Travel
2022-01-18,AU,Level 4: Do Not Travel
2022-04-18,AU,Level 1: Exercise Normal Precautions
2022-10-05,AU,Level 1: Exercise Normal Precautions
2023-06-16,AU,Level 1: Exercise Normal Precautions
2023-07-17,BM,Level 1: Exercise Normal Precautions
2021-09-21,BM,Level 4: Do Not Travel
2022-01-18,BM,Level 4: Do Not Travel
2022-04-19,BM,Level 1: Exercise Normal Precautions
2022-10-04,BM,Level 1: Exercise Normal Precautions
2023-07-26,FR,Level 2: Exercise Increased Caution
2021-10-04,FR,Level 3: Reconsider Travel
2021-12-06,FR,Level 4: Do Not Travel
2022-04-19,FR,Level 2: Exercise Increased Caution
2022-10-04,FR,Level 2: Exercise Increased Caution
2023-07-17,SX,Level 1: Exercise Normal Precautions
2021-08-23,SX,Level 4: Do Not Travel
2022-01-18,SX,Level 4: Do Not Travel
2022-04-18,SX,Level 1: Exercise Normal Precautions
2022-10-05,SX,Level 1: Exercise Normal Precautions
2023-07-13,KW,Level 1: Exercise Normal Precautions
2021-10-25,KW,Level 1: Exercise Normal Precautions
2022-01-18,KW,Level 3: Reconsider Travel
2022-01-24,KW,Level 4: Do Not Travel
2022-06-27,KW,Level 1: Exercise Normal Precautions
2022-10-05,KW,Level 1: Exercise Normal Precautions
2023-07-13,LY,Level 4: Do Not Travel
2021-10-25,LY,Level 4: Do Not Travel
2022-02-07,LY,Level 4: Do Not Travel
2022-06-06,LY,Level 4: Do Not Travel
2022-10-05,LY,Level 4: Do Not Travel
2023-09-08,NZ,Level 1: Exercise Normal Precautions
2021-06-16,NZ,Level 3: Reconsider Travel
2022-02-22,NZ,Level 3: Reconsider Travel
2022-05-09,NZ,Level 1: Exercise Normal Precautions
2022-10-05,NZ,Level 1: Exercise Normal Precautions
2023-06-16,NZ,Level 1: Exercise Normal Precautions
2023-07-31,ET,Level 3: Reconsider Travel
2021-09-16,ET,Level 3: Reconsider Travel
2022-01-10,ET,Level 4: Do Not Travel
2022-02-02,ET,Level 4: Do Not Travel
2022-06-21,ET,Level 3: Reconsider Travel
2022-10-04,ET,Level 3: Reconsider Travel
2023-03-09,ET,Level 3: Reconsider Travel
2023-05-19,ET,Level 3: Reconsider Travel
2024-02-05,ZA,Level 2: Exercise Increased Caution
2021-10-04,ZA,Level 3: Reconsider Travel
2021-11-27,ZA,Level 4: Do Not Travel
2022-02-07,ZA,Level 3: Reconsider Travel
2022-04-19,ZA,Level 2: Exercise Increased Caution
2022-10-05,ZA,Level 2: Exercise Increased Caution
2023-07-31,ZA,Level 2: Exercise Increased Caution
2023-11-07,ZA,Level 2: Exercise Increased Caution
2023-07-17,PA,Level 2: Exercise Increased Caution
2021-09-27,PA,Level 3: Reconsider Travel
2022-01-18,PA,Level 4: Do Not Travel
2022-04-20,PA,Level 3: Reconsider Travel
2022-10-05,PA,Level 2: Exercise Increased Caution
2023-07-26,RO,Level 1: Exercise Normal Precautions
2021-10-12,RO,Level 4: Do Not Travel
2022-01-04,RO,Level 3: Reconsider Travel
2022-01-24,RO,Level 4: Do Not Travel
2022-06-21,RO,Level 1: Exercise Normal Precautions
2022-10-04,RO,Level 1: Exercise Normal Precautions
2023-07-26,IT,Level 2: Exercise Increased Caution
2021-06-16,IT,Level 3: Reconsider Travel
2021-12-13,IT,Level 4: Do Not Travel
2022-04-25,IT,Level 2: Exercise Increased Caution
2022-10-04,IT,Level 2: Exercise Increased Caution
2023-08-03,CI,Level 2: Exercise Increased Caution
2021-08-30,CI,Level 3: Reconsider Travel
2022-01-18,CI,Level 3: Reconsider Travel
2022-02-28,CI,Level 3: Reconsider Travel
2022-04-18,CI,Level 3: Reconsider Travel
2022-10-04,CI,Level 3: Reconsider Travel
2023-07-17,MS,Level 1: Exercise Normal Precautions
2021-07-07,MS,Level 1: Exercise Normal Precautions
2022-01-18,MS,Level 2: Exercise Increased Caution
2022-02-28,MS,Level 2: Exercise Increased Caution
2022-05-23,MS,Level 1: Exercise Normal Precautions
2022-10-05,MS,Level 1: Exercise Normal Precautions
2024-01-29,LB,Level 3: Reconsider Travel
2021-10-25,LB,Level 4: Do Not Travel
2021-12-20,LB,Level 4: Do Not Travel
2022-06-06,LB,Level 3: Reconsider Travel
2022-10-05,LB,Level 3: Reconsider Travel
2023-02-01,LB,Level 3: Reconsider Travel
2023-07-13,LB,Level 3: Reconsider Travel
2023-10-17,LB,Level 4: Do Not Travel
2023-07-17,BQ,Level 1: Exercise Normal Precautions
2021-09-21,BQ,Level 3: Reconsider Travel
2021-12-20,BQ,Level 4: Do Not Travel
2022-04-18,BQ,Level 1: Exercise Normal Precautions
2022-10-04,BQ,Level 1: Exercise Normal Precautions
2023-08-22,MX,Level 3: Reconsider Travel
2021-07-12,MX,Level 3: Reconsider Travel
2021-12-08,MX,Level 3: Reconsider Travel
2022-01-31,MX,Level 4: Do Not Travel
2022-06-13,MX,Level 3: Reconsider Travel
2022-10-05,MX,Level 3: Reconsider Travel
2023-06-23,IN,Level 2: Exercise Increased Caution
2021-08-16,IN,Level 2: Exercise Increased Caution
2021-11-15,IN,Level 2: Exercise Increased Caution
2022-01-24,IN,Level 3: Reconsider Travel
2022-04-18,IN,Level 2: Exercise Increased Caution
2022-10-05,IN,Level 2: Exercise Increased Caution
2023-07-24,VU,Level 1: Exercise Normal Precautions
2021-06-16,VU,Level 4: Do Not Travel
2022-04-18,VU,Level 3: Reconsider Travel
2022-10-11,VU,Level 1: Exercise Normal Precautions
2023-06-30,HK,Level 2: Exercise Increased Caution
2021-06-16,HK,Level 3: Reconsider Travel
2022-01-19,HK,Level 3: Reconsider Travel
2022-03-01,HK,Level 4: Do Not Travel
2022-06-22,HK,Level 4: Do Not Travel
2022-10-05,HK,Level 3: Reconsider Travel
2023-06-30,MO,Level 3: Reconsider Travel
2021-06-16,MO,Level 4: Do Not Travel
2022-04-18,MO,Level 3: Reconsider Travel
